{"Dwelltime": ["0.0", "0.2", "0.4", "0.6", "0.8", "1.0", "1.2", "1.4", "1.6", "1.8", "2.0"], "count_true_positive": [18.72146118721461, 25.170068027210885, 63.46153846153846, 90.9090909090909, 93.54838709677419, 96.66666666666667, 96.55172413793103, 96.42857142857143, 100.0, 100.0, 100.0], "count_false_positive": [81.27853881278538, 74.82993197278913, 36.53846153846153, 9.090909090909092, 6.451612903225806, 3.3333333333333335, 3.4482758620689653, 3.571428571428571, 0, 0, 0], "count_true_negative": [0, 94.44444444444444, 95.20958083832335, 94.08602150537635, 93.61702127659575, 93.65079365079364, 93.15789473684211, 92.67015706806284, 92.70833333333334, 92.70833333333334, 92.2279792746114], "count_false_negative": [0, 5.555555555555555, 4.790419161676647, 5.913978494623656, 6.382978723404255, 6.349206349206349, 6.842105263157896, 7.329842931937172, 7.291666666666667, 7.291666666666667, 7.772020725388601]}