{"Dwelltime": ["0.0", "0.2", "0.4", "0.6", "0.8", "1.0", "1.2", "1.4", "1.6", "1.8", "2.0"], "count_true_positive": [23.41269841269841, 31.210191082802545, 60.810810810810814, 79.59183673469387, 86.04651162790698, 92.3076923076923, 93.93939393939394, 93.10344827586206, 96.42857142857143, 96.42857142857143, 100.0], "count_false_positive": [76.5873015873016, 68.78980891719745, 39.189189189189186, 20.408163265306122, 13.953488372093023, 7.6923076923076925, 6.0606060606060606, 6.896551724137931, 3.571428571428571, 3.571428571428571, 0], "count_true_negative": [0, 89.47368421052632, 92.13483146067416, 90.14778325123153, 89.47368421052632, 89.2018779342723, 87.21461187214612, 85.65022421524664, 85.71428571428571, 85.71428571428571, 85.39823008849558], "count_false_negative": [0, 10.526315789473683, 7.865168539325842, 9.852216748768473, 10.526315789473683, 10.7981220657277, 12.785388127853881, 14.349775784753364, 14.285714285714285, 14.285714285714285, 14.601769911504425]}