{"Dwelltime": ["0.0", "0.2", "0.4", "0.6", "0.8", "1.0", "1.2", "1.4", "1.6", "1.8", "2.0"], "count_true_positive": [0.775, 0.8611111111111112, 0.918918918918919, 0.9166666666666666, 0.9705882352941176, 1.0, 1.0, 1.0, 1.0, 1.0, 1.0], "count_false_positive": [0.7560975609756098, 0.7560975609756098, 0.8292682926829268, 0.8048780487804879, 0.8048780487804879, 0.8048780487804879, 0.8048780487804879, 0.8048780487804879, 0.8048780487804879, 0.8048780487804879, 0.8048780487804879], "count_true_negative": [0.9484536082474226, 0.9494949494949495, 0.9644670050761421, 0.9595959595959596, 0.96, 0.9601990049751243, 0.9601990049751243, 0.9601990049751243, 0.9601990049751243, 0.9601990049751243, 0.9601990049751243], "count_false_negative": [0.9533678756476683, 0.9740932642487047, 0.9844559585492227, 0.9844559585492227, 0.9948186528497409, 1.0, 1.0, 1.0, 1.0, 1.0, 1.0], "sum_true_pos": [31, 31, 34, 33, 33, 33, 33, 33, 33, 33, 33], "sum_false_pos": [9, 5, 3, 3, 1, 0, 0, 0, 0, 0, 0], "sum_true_neg": [184, 188, 190, 190, 192, 193, 193, 193, 193, 193, 193], "sum_false_neg": [10, 10, 7, 8, 8, 8, 8, 8, 8, 8, 8]}