{"Dwelltime": ["0.2", "0.4", "0.6", "0.8", "1.0", "1.2", "1.4", "1.6", "1.8", "2.0"], "count_true_positive": [0.31210191082802546, 0.6081081081081081, 0.7959183673469388, 0.8604651162790697, 0.9230769230769231, 0.9393939393939394, 0.9310344827586207, 0.9642857142857143, 0.9642857142857143, 1.0], "count_false_positive": [0.8305084745762712, 0.7627118644067796, 0.6610169491525424, 0.6271186440677966, 0.6101694915254238, 0.5254237288135594, 0.4576271186440678, 0.4576271186440678, 0.4576271186440678, 0.4406779661016949], "count_true_negative": [0.8947368421052632, 0.9213483146067416, 0.9014778325123153, 0.8947368421052632, 0.892018779342723, 0.8721461187214612, 0.8565022421524664, 0.8571428571428571, 0.8571428571428571, 0.8539823008849557], "count_false_negative": [0.44041450777202074, 0.8497409326424871, 0.9481865284974094, 0.9689119170984456, 0.9844559585492227, 0.9896373056994818, 0.9896373056994818, 0.9948186528497409, 0.9948186528497409, 1.0], "sum_true_pos": [49, 45, 39, 37, 36, 31, 27, 27, 27, 26], "sum_false_pos": [108, 29, 10, 6, 3, 2, 2, 1, 1, 0], "sum_true_neg": [85, 164, 183, 187, 190, 191, 191, 192, 192, 193], "sum_false_neg": [10, 14, 20, 22, 23, 28, 32, 32, 32, 33]}