{"Dwelltime": ["0.0", "0.2", "0.4", "0.6", "0.8", "1.0", "1.2", "1.4", "1.6", "1.8", "2.0"], "count_true_positive": [77.77777777777777, 77.41935483870968, 84.375, 87.5, 90.625, 96.42857142857143, 92.5925925925926, 91.30434782608695, 95.45454545454545, 95.45454545454545, 90.9090909090909], "count_false_positive": [22.222222222222225, 22.58064516129032, 15.625, 12.5, 9.375, 3.571428571428571, 7.4074074074074066, 8.695652173913043, 4.545454545454546, 4.545454545454546, 9.090909090909092], "count_true_negative": [95.41647206602278, 91.62561576354679, 93.06930693069307, 93.56435643564357, 94.05940594059405, 93.20388349514563, 92.27053140096618, 90.52132701421802, 90.56603773584906, 90.56603773584906, 90.09433962264151], "count_false_negative": [4.583527933977228, 8.374384236453201, 6.9306930693069315, 6.435643564356436, 5.9405940594059405, 6.796116504854369, 7.729468599033816, 9.47867298578199, 9.433962264150944, 9.433962264150944, 9.90566037735849]}