{"Dwelltime": ["0.0", "0.2", "0.4", "0.6", "0.8", "1.0", "1.2", "1.4", "1.6", "1.8", "2.0"], "count_true_positive": [70.61904761904762, 84.61538461538461, 91.66666666666666, 100.0, 100.0, 100.0, 100.0, 100.0, 100.0, 100.0, 100.0], "count_false_positive": [29.380952380952387, 15.384615384615385, 8.333333333333332, 0.0, 0.0, 0.0, 0.0, 0.0, 0.0, 0.0, 0.0], "count_true_negative": [93.43520964573597, 95.08196721311475, 95.13513513513514, 95.18716577540107, 95.18716577540107, 95.6989247311828, 94.68085106382979, 94.68085106382979, 94.68085106382979, 94.68085106382979, 94.17989417989418], "count_false_negative": [6.564790354264037, 4.918032786885246, 4.864864864864865, 4.81283422459893, 4.81283422459893, 4.301075268817205, 5.319148936170213, 5.319148936170213, 5.319148936170213, 5.319148936170213, 5.82010582010582]}