{"Dwelltime": ["0.0", "0.2", "0.4", "0.6", "0.8", "1.0", "1.2", "1.4", "1.6", "1.8", "2.0"], "count_true_positive": [0.7241379310344828, 0.9130434782608695, 0.9090909090909091, 1.0, 1.0, 1.0, 1.0, 1.0, 1.0, 1.0, 1.0], "count_false_positive": [0.6774193548387096, 0.6774193548387096, 0.6451612903225806, 0.6451612903225806, 0.6451612903225806, 0.6451612903225806, 0.6451612903225806, 0.6451612903225806, 0.6451612903225806, 0.6451612903225806, 0.6451612903225806], "count_true_negative": [0.9444444444444444, 0.946236559139785, 0.9411764705882353, 0.9417989417989417, 0.9417989417989417, 0.9417989417989417, 0.9417989417989417, 0.9417989417989417, 0.9417989417989417, 0.9417989417989417, 0.9417989417989417], "count_false_negative": [0.9550561797752809, 0.9887640449438202, 0.9887640449438202, 1.0, 1.0, 1.0, 1.0, 1.0, 1.0, 1.0, 1.0], "sum_true_pos": [21, 21, 20, 20, 20, 20, 20, 20, 20, 20, 20], "sum_false_pos": [8, 2, 2, 0, 0, 0, 0, 0, 0, 0, 0], "sum_true_neg": [170, 176, 176, 178, 178, 178, 178, 178, 178, 178, 178], "sum_false_neg": [10, 10, 11, 11, 11, 11, 11, 11, 11, 11, 11]}