{"Dwelltime": ["0.2", "0.4", "0.6", "0.8", "1.0", "1.2", "1.4", "1.6", "1.8", "2.0"], "count_true_positive": [0.25170068027210885, 0.6346153846153846, 0.9090909090909091, 0.9354838709677419, 0.9666666666666667, 0.9655172413793104, 0.9642857142857143, 1.0, 1.0, 1.0], "count_false_positive": [0.9024390243902439, 0.8048780487804879, 0.7317073170731707, 0.7073170731707317, 0.7073170731707317, 0.6829268292682927, 0.6585365853658537, 0.6585365853658537, 0.6585365853658537, 0.6341463414634146], "count_true_negative": [0.9444444444444444, 0.9520958083832335, 0.9408602150537635, 0.9361702127659575, 0.9365079365079365, 0.9315789473684211, 0.9267015706806283, 0.9270833333333334, 0.9270833333333334, 0.9222797927461139], "count_false_negative": [0.38202247191011235, 0.8932584269662921, 0.9831460674157303, 0.9887640449438202, 0.9943820224719101, 0.9943820224719101, 0.9943820224719101, 1.0, 1.0, 1.0], "sum_true_pos": [37, 33, 30, 29, 29, 28, 27, 27, 27, 26], "sum_false_pos": [110, 19, 3, 2, 1, 1, 1, 0, 0, 0], "sum_true_neg": [68, 159, 175, 176, 177, 177, 177, 178, 178, 178], "sum_false_neg": [4, 8, 11, 12, 12, 13, 14, 14, 14, 15]}