{"Dwelltime": ["0.0", "0.2", "0.4", "0.6", "0.8", "1.0", "1.2", "1.4", "1.6", "1.8", "2.0"], "count_true_positive": [0.7272727272727273, 0.8846153846153846, 1.0, 1.0, 1.0, 1.0, 1.0, 1.0, 1.0, 1.0, 1.0], "count_false_positive": [0.6153846153846154, 0.5897435897435898, 0.5897435897435898, 0.6666666666666666, 0.6666666666666666, 0.6666666666666666, 0.6666666666666666, 0.6666666666666666, 0.6410256410256411, 0.6153846153846154, 0.5641025641025641], "count_true_negative": [0.9157303370786517, 0.9135135135135135, 0.9148936170212766, 0.9297297297297298, 0.9297297297297298, 0.9297297297297298, 0.9297297297297298, 0.9297297297297298, 0.9247311827956989, 0.9197860962566845, 0.91005291005291], "count_false_negative": [0.9476744186046512, 0.9825581395348837, 1.0, 1.0, 1.0, 1.0, 1.0, 1.0, 1.0, 1.0, 1.0], "sum_true_pos": [24, 23, 23, 26, 26, 26, 26, 26, 25, 24, 22], "sum_false_pos": [9, 3, 0, 0, 0, 0, 0, 0, 0, 0, 0], "sum_true_neg": [163, 169, 172, 172, 172, 172, 172, 172, 172, 172, 172], "sum_false_neg": [15, 16, 16, 13, 13, 13, 13, 13, 14, 15, 17]}