{"Dwelltime": ["0.2", "0.4", "0.6", "0.8", "1.0", "1.2", "1.4", "1.6", "1.8", "2.0"], "count_true_positive": [0.2845528455284553, 0.5925925925925926, 0.7804878048780488, 0.9142857142857143, 0.9411764705882353, 0.9696969696969697, 1.0, 1.0, 1.0, 1.0], "count_false_positive": [0.8974358974358975, 0.8205128205128205, 0.8205128205128205, 0.8205128205128205, 0.8205128205128205, 0.8205128205128205, 0.8205128205128205, 0.7692307692307693, 0.7435897435897436, 0.6923076923076923], "count_true_negative": [0.9545454545454546, 0.9554140127388535, 0.9588235294117647, 0.9602272727272727, 0.96045197740113, 0.9606741573033708, 0.9608938547486033, 0.9502762430939227, 0.945054945054945, 0.9347826086956522], "count_false_negative": [0.4883720930232558, 0.872093023255814, 0.9476744186046512, 0.9825581395348837, 0.9883720930232558, 0.9941860465116279, 1.0, 1.0, 1.0, 1.0], "sum_true_pos": [35, 32, 32, 32, 32, 32, 32, 30, 29, 27], "sum_false_pos": [88, 22, 9, 3, 2, 1, 0, 0, 0, 0], "sum_true_neg": [84, 150, 163, 169, 170, 171, 172, 172, 172, 172], "sum_false_neg": [4, 7, 7, 7, 7, 7, 7, 9, 10, 12]}