{"Dwelltime": ["0.0", "0.2", "0.4", "0.6", "0.8", "1.0", "1.2", "1.4", "1.6", "1.8", "2.0"], "count_true_positive": [18.48341232227488, 28.455284552845526, 59.25925925925925, 78.04878048780488, 91.42857142857143, 94.11764705882352, 96.96969696969697, 100.0, 100.0, 100.0, 100.0], "count_false_positive": [81.51658767772511, 71.54471544715447, 40.74074074074074, 21.951219512195124, 8.571428571428571, 5.88235294117647, 3.0303030303030303, 0, 0, 0, 0], "count_true_negative": [0, 95.45454545454545, 95.54140127388536, 95.88235294117648, 96.02272727272727, 96.045197740113, 96.06741573033707, 96.08938547486034, 95.02762430939227, 94.5054945054945, 93.47826086956522], "count_false_negative": [0, 4.545454545454546, 4.45859872611465, 4.117647058823529, 3.977272727272727, 3.954802259887006, 3.932584269662921, 3.910614525139665, 4.972375690607735, 5.4945054945054945, 6.521739130434782]}