{"Dwelltime": ["0.0", "0.2", "0.4", "0.6", "0.8", "1.0", "1.2", "1.4", "1.6", "1.8", "2.0"], "count_true_positive": [72.64285714285714, 86.11111111111111, 93.75, 100.0, 100.0, 96.875, 100.0, 100.0, 100.0, 100.0, 100.0], "count_false_positive": [27.357142857142858, 13.88888888888889, 6.25, 0.0, 0.0, 3.125, 0.0, 0.0, 0.0, 0.0, 0.0], "count_true_negative": [93.07795821031115, 95.42857142857143, 94.97206703910615, 94.5054945054945, 96.08938547486034, 95.53072625698324, 95.55555555555556, 96.08938547486034, 95.55555555555556, 94.5054945054945, 93.47826086956522], "count_false_negative": [6.922041789688849, 4.571428571428571, 5.027932960893855, 5.4945054945054945, 3.910614525139665, 4.4692737430167595, 4.444444444444445, 3.910614525139665, 4.444444444444445, 5.4945054945054945, 6.521739130434782]}