{"Dwelltime": ["0.0", "0.2", "0.4", "0.6", "0.8", "1.0", "1.2", "1.4", "1.6", "1.8", "2.0"], "count_true_positive": [24.8, 39.24050632911392, 82.35294117647058, 93.10344827586206, 100.0, 100.0, 100.0, 100.0, 100.0, 100.0, 100.0], "count_false_positive": [75.2, 60.75949367088608, 17.647058823529413, 6.896551724137931, 0, 0, 0, 0, 0, 0, 0], "count_true_negative": [0, 100.0, 96.7032967032967, 95.83333333333334, 94.0, 94.0, 94.0, 94.0, 94.0, 94.0, 94.0], "count_false_negative": [0, 0, 3.296703296703297, 4.166666666666666, 6.0, 6.0, 6.0, 6.0, 6.0, 6.0, 6.0]}