{"Dwelltime": ["0.2", "0.4", "0.6", "0.8", "1.0", "1.2", "1.4", "1.6", "1.8", "2.0"], "count_true_positive": [0.3924050632911392, 0.8235294117647058, 0.9310344827586207, 1.0, 1.0, 1.0, 1.0, 1.0, 1.0, 1.0], "count_false_positive": [1.0, 0.9032258064516129, 0.8709677419354839, 0.8064516129032258, 0.8064516129032258, 0.8064516129032258, 0.8064516129032258, 0.8064516129032258, 0.8064516129032258, 0.8064516129032258], "count_true_negative": [1.0, 0.967032967032967, 0.9583333333333334, 0.94, 0.94, 0.94, 0.94, 0.94, 0.94, 0.94], "count_false_negative": [0.48936170212765956, 0.9361702127659575, 0.9787234042553191, 1.0, 1.0, 1.0, 1.0, 1.0, 1.0, 1.0], "sum_true_pos": [31, 28, 27, 25, 25, 25, 25, 25, 25, 25], "sum_false_pos": [48, 6, 2, 0, 0, 0, 0, 0, 0, 0], "sum_true_neg": [46, 88, 92, 94, 94, 94, 94, 94, 94, 94], "sum_false_neg": [0, 3, 4, 6, 6, 6, 6, 6, 6, 6]}