{"Dwelltime": ["0.0", "0.2", "0.4", "0.6", "0.8", "1.0", "1.2", "1.4", "1.6", "1.8", "2.0"], "count_true_positive": [0.9523809523809523, 1.0, 1.0, 1.0, 1.0, 1.0, 1.0, 1.0, 1.0, 1.0, 1.0], "count_false_positive": [0.6451612903225806, 0.6451612903225806, 0.6129032258064516, 0.6129032258064516, 0.6129032258064516, 0.6129032258064516, 0.6129032258064516, 0.6129032258064516, 0.6129032258064516, 0.6129032258064516, 0.6129032258064516], "count_true_negative": [0.9230769230769231, 0.9236111111111112, 0.9172413793103448, 0.9172413793103448, 0.9172413793103448, 0.9172413793103448, 0.9172413793103448, 0.9172413793103448, 0.9172413793103448, 0.9172413793103448, 0.9172413793103448], "count_false_negative": [0.9924812030075187, 1.0, 1.0, 1.0, 1.0, 1.0, 1.0, 1.0, 1.0, 1.0, 1.0], "sum_true_pos": [20, 20, 19, 19, 19, 19, 19, 19, 19, 19, 19], "sum_false_pos": [1, 0, 0, 0, 0, 0, 0, 0, 0, 0, 0], "sum_true_neg": [132, 133, 133, 133, 133, 133, 133, 133, 133, 133, 133], "sum_false_neg": [11, 11, 12, 12, 12, 12, 12, 12, 12, 12, 12]}