{"Dwelltime": ["0.0", "0.2", "0.4", "0.6", "0.8", "1.0", "1.2", "1.4", "1.6", "1.8", "2.0"], "count_true_positive": [89.33333333333333, 96.0, 96.0, 100.0, 100.0, 100.0, 100.0, 100.0, 100.0, 100.0, 100.0], "count_false_positive": [10.666666666666666, 4.0, 4.0, 0.0, 0.0, 0.0, 0.0, 0.0, 0.0, 0.0, 0.0], "count_true_negative": [91.73544973544973, 94.96402877697841, 94.96402877697841, 95.0, 94.32624113475178, 94.32624113475178, 94.32624113475178, 94.32624113475178, 94.32624113475178, 94.32624113475178, 94.32624113475178], "count_false_negative": [8.264550264550266, 5.0359712230215825, 5.0359712230215825, 5.0, 5.673758865248227, 5.673758865248227, 5.673758865248227, 5.673758865248227, 5.673758865248227, 5.673758865248227, 5.673758865248227]}