{"Dwelltime": ["0.2", "0.4", "0.6", "0.8", "1.0", "1.2", "1.4", "1.6", "1.8", "2.0"], "count_true_positive": [0.35365853658536583, 0.8387096774193549, 0.9629629629629629, 1.0, 1.0, 1.0, 1.0, 1.0, 1.0, 1.0], "count_false_positive": [0.9354838709677419, 0.8387096774193549, 0.8387096774193549, 0.8064516129032258, 0.8064516129032258, 0.8064516129032258, 0.8064516129032258, 0.8064516129032258, 0.8064516129032258, 0.8064516129032258], "count_true_negative": [0.975609756097561, 0.9624060150375939, 0.9635036496350365, 0.9568345323741008, 0.9568345323741008, 0.9568345323741008, 0.9568345323741008, 0.9568345323741008, 0.9568345323741008, 0.9568345323741008], "count_false_negative": [0.6015037593984962, 0.9624060150375939, 0.9924812030075187, 1.0, 1.0, 1.0, 1.0, 1.0, 1.0, 1.0], "sum_true_pos": [29, 26, 26, 25, 25, 25, 25, 25, 25, 25], "sum_false_pos": [53, 5, 1, 0, 0, 0, 0, 0, 0, 0], "sum_true_neg": [80, 128, 132, 133, 133, 133, 133, 133, 133, 133], "sum_false_neg": [2, 5, 5, 6, 6, 6, 6, 6, 6, 6]}