{"Dwelltime": ["0.0", "0.2", "0.4", "0.6", "0.8", "1.0", "1.2", "1.4", "1.6", "1.8", "2.0"], "count_true_positive": [0.6666666666666666, 0.9230769230769231, 1.0, 1.0, 1.0, 1.0, 1.0, 1.0, 1.0, 1.0, 1.0], "count_false_positive": [0.3870967741935484, 0.3870967741935484, 0.4838709677419355, 0.5483870967741935, 0.5161290322580645, 0.5161290322580645, 0.5161290322580645, 0.5161290322580645, 0.5161290322580645, 0.5161290322580645, 0.5161290322580645], "count_true_negative": [0.822429906542056, 0.8303571428571429, 0.8545454545454545, 0.8703703703703703, 0.8623853211009175, 0.8623853211009175, 0.8623853211009175, 0.8623853211009175, 0.8623853211009175, 0.8623853211009175, 0.8623853211009175], "count_false_negative": [0.9361702127659575, 0.9893617021276596, 1.0, 1.0, 1.0, 1.0, 1.0, 1.0, 1.0, 1.0, 1.0], "sum_true_pos": [12, 12, 15, 17, 16, 16, 16, 16, 16, 16, 16], "sum_false_pos": [6, 1, 0, 0, 0, 0, 0, 0, 0, 0, 0], "sum_true_neg": [88, 93, 94, 94, 94, 94, 94, 94, 94, 94, 94], "sum_false_neg": [19, 19, 16, 14, 15, 15, 15, 15, 15, 15, 15]}