{"Dwelltime": ["0.0", "0.2", "0.4", "0.6", "0.8", "1.0", "1.2", "1.4", "1.6", "1.8", "2.0"], "count_true_positive": [86.99999999999999, 86.36363636363636, 96.42857142857143, 92.85714285714286, 89.28571428571429, 89.28571428571429, 89.28571428571429, 89.28571428571429, 89.28571428571429, 89.28571428571429, 89.28571428571429], "count_false_positive": [13.0, 13.636363636363635, 3.571428571428571, 7.142857142857142, 10.714285714285714, 10.714285714285714, 10.714285714285714, 10.714285714285714, 10.714285714285714, 10.714285714285714, 10.714285714285714], "count_true_negative": [86.07142857142856, 88.3495145631068, 95.87628865979381, 94.84536082474226, 93.81443298969072, 93.81443298969072, 93.81443298969072, 93.81443298969072, 93.81443298969072, 93.81443298969072, 93.81443298969072], "count_false_negative": [13.928571428571429, 11.650485436893204, 4.123711340206185, 5.154639175257731, 6.185567010309279, 6.185567010309279, 6.185567010309279, 6.185567010309279, 6.185567010309279, 6.185567010309279, 6.185567010309279]}