{"Dwelltime": ["0.0", "0.2", "0.4", "0.6", "0.8", "1.0", "1.2", "1.4", "1.6", "1.8", "2.0"], "count_true_positive": [18.902439024390244, 35.36585365853659, 83.87096774193549, 96.29629629629629, 100.0, 100.0, 100.0, 100.0, 100.0, 100.0, 100.0], "count_false_positive": [81.09756097560977, 64.63414634146342, 16.129032258064516, 3.7037037037037033, 0, 0, 0, 0, 0, 0, 0], "count_true_negative": [0, 97.5609756097561, 96.2406015037594, 96.35036496350365, 95.68345323741008, 95.68345323741008, 95.68345323741008, 95.68345323741008, 95.68345323741008, 95.68345323741008, 95.68345323741008], "count_false_negative": [0, 2.4390243902439024, 3.7593984962406015, 3.64963503649635, 4.316546762589928, 4.316546762589928, 4.316546762589928, 4.316546762589928, 4.316546762589928, 4.316546762589928, 4.316546762589928]}