{"Dwelltime": ["0.0", "0.2", "0.4", "0.6", "0.8", "1.0", "1.2", "1.4", "1.6", "1.8", "2.0"], "count_true_positive": [0.6333333333333333, 0.7368421052631579, 1.0, 1.0, 1.0, 1.0, 1.0, 1.0, 1.0, 1.0, 1.0], "count_false_positive": [0.5588235294117647, 0.4117647058823529, 0.38235294117647056, 0.4411764705882353, 0.4117647058823529, 0.4117647058823529, 0.4117647058823529, 0.4117647058823529, 0.4117647058823529, 0.4117647058823529, 0.4117647058823529], "count_true_negative": [0.9019607843137255, 0.8780487804878049, 0.8764705882352941, 0.8869047619047619, 0.8816568047337278, 0.8816568047337278, 0.8816568047337278, 0.8816568047337278, 0.8816568047337278, 0.8816568047337278, 0.8816568047337278], "count_false_negative": [0.9261744966442953, 0.9664429530201343, 1.0, 1.0, 1.0, 1.0, 1.0, 1.0, 1.0, 1.0, 1.0], "sum_true_pos": [19, 14, 13, 15, 14, 14, 14, 14, 14, 14, 14], "sum_false_pos": [11, 5, 0, 0, 0, 0, 0, 0, 0, 0, 0], "sum_true_neg": [138, 144, 149, 149, 149, 149, 149, 149, 149, 149, 149], "sum_false_neg": [15, 20, 21, 19, 20, 20, 20, 20, 20, 20, 20]}