{"Dwelltime": ["0.0", "0.2", "0.4", "0.6", "0.8", "1.0", "1.2", "1.4", "1.6", "1.8", "2.0"], "count_true_positive": [73.88888888888889, 100.0, 96.0, 96.15384615384616, 96.15384615384616, 96.15384615384616, 92.5925925925926, 92.5925925925926, 92.5925925925926, 92.5925925925926, 92.5925925925926], "count_false_positive": [11.333333333333332, 0.0, 4.0, 3.8461538461538463, 3.8461538461538463, 3.8461538461538463, 7.4074074074074066, 7.4074074074074066, 7.4074074074074066, 7.4074074074074066, 7.4074074074074066], "count_true_negative": [96.41396103896105, 96.44970414201184, 98.18181818181819, 98.78048780487805, 98.78048780487805, 98.78048780487805, 98.77300613496932, 98.77300613496932, 98.77300613496932, 98.77300613496932, 98.77300613496932], "count_false_negative": [4.482548701298701, 3.5502958579881656, 1.8181818181818181, 1.2195121951219512, 1.2195121951219512, 1.2195121951219512, 1.2269938650306749, 1.2269938650306749, 1.2269938650306749, 1.2269938650306749, 1.2269938650306749]}