{"Dwelltime": ["0.0", "0.2", "0.4", "0.6", "0.8", "1.0", "1.2", "1.4", "1.6", "1.8", "2.0"], "count_true_positive": [14.210526315789473, 27.55102040816326, 78.78787878787878, 96.15384615384616, 96.15384615384616, 96.15384615384616, 100.0, 100.0, 100.0, 100.0, 100.0], "count_false_positive": [85.78947368421052, 72.44897959183673, 21.21212121212121, 3.8461538461538463, 3.8461538461538463, 3.8461538461538463, 0, 0, 0, 0, 0], "count_true_negative": [0, 100.0, 99.36305732484077, 98.78048780487805, 98.78048780487805, 98.78048780487805, 98.7878787878788, 98.7878787878788, 98.7878787878788, 98.7878787878788, 98.7878787878788], "count_false_negative": [0, 0, 0.6369426751592357, 1.2195121951219512, 1.2195121951219512, 1.2195121951219512, 1.2121212121212122, 1.2121212121212122, 1.2121212121212122, 1.2121212121212122, 1.2121212121212122]}