{"Dwelltime": ["0.0", "0.2", "0.4", "0.6", "0.8", "1.0", "1.2", "1.4", "1.6", "1.8", "2.0"], "count_true_positive": [0.9, 1.0, 1.0, 1.0, 1.0, 1.0, 1.0, 1.0, 1.0, 1.0, 1.0], "count_false_positive": [0.6666666666666666, 0.6666666666666666, 0.7777777777777778, 0.7777777777777778, 0.7777777777777778, 0.7777777777777778, 0.7777777777777778, 0.7777777777777778, 0.7777777777777778, 0.7777777777777778, 0.7777777777777778], "count_true_negative": [0.9470588235294117, 0.9476744186046512, 0.9644970414201184, 0.9644970414201184, 0.9644970414201184, 0.9644970414201184, 0.9644970414201184, 0.9644970414201184, 0.9644970414201184, 0.9644970414201184, 0.9644970414201184], "count_false_negative": [0.9877300613496932, 1.0, 1.0, 1.0, 1.0, 1.0, 1.0, 1.0, 1.0, 1.0, 1.0], "sum_true_pos": [18, 18, 21, 21, 21, 21, 21, 21, 21, 21, 21], "sum_false_pos": [2, 0, 0, 0, 0, 0, 0, 0, 0, 0, 0], "sum_true_neg": [161, 163, 163, 163, 163, 163, 163, 163, 163, 163, 163], "sum_false_neg": [9, 9, 6, 6, 6, 6, 6, 6, 6, 6, 6]}