{"Dwelltime": ["0.2", "0.4", "0.6", "0.8", "1.0", "1.2", "1.4", "1.6", "1.8", "2.0"], "count_true_positive": [0.2755102040816326, 0.7878787878787878, 0.9615384615384616, 0.9615384615384616, 0.9615384615384616, 1.0, 1.0, 1.0, 1.0, 1.0], "count_false_positive": [1.0, 0.9629629629629629, 0.9259259259259259, 0.9259259259259259, 0.9259259259259259, 0.9259259259259259, 0.9259259259259259, 0.9259259259259259, 0.9259259259259259, 0.9259259259259259], "count_true_negative": [1.0, 0.9936305732484076, 0.9878048780487805, 0.9878048780487805, 0.9878048780487805, 0.9878787878787879, 0.9878787878787879, 0.9878787878787879, 0.9878787878787879, 0.9878787878787879], "count_false_negative": [0.5644171779141104, 0.9570552147239264, 0.9938650306748467, 0.9938650306748467, 0.9938650306748467, 1.0, 1.0, 1.0, 1.0, 1.0], "sum_true_pos": [27, 26, 25, 25, 25, 25, 25, 25, 25, 25], "sum_false_pos": [71, 7, 1, 1, 1, 0, 0, 0, 0, 0], "sum_true_neg": [92, 156, 162, 162, 162, 163, 163, 163, 163, 163], "sum_false_neg": [0, 1, 2, 2, 2, 2, 2, 2, 2, 2]}