{"Dwelltime": ["0.2", "0.4", "0.6", "0.8", "1.0", "1.2", "1.4", "1.6", "1.8", "2.0"], "count_true_positive": [0.3218390804597701, 0.8125, 0.9285714285714286, 1.0, 1.0, 1.0, 1.0, 1.0, 1.0, 1.0], "count_false_positive": [0.8235294117647058, 0.7647058823529411, 0.7647058823529411, 0.7352941176470589, 0.7352941176470589, 0.7352941176470589, 0.7352941176470589, 0.7352941176470589, 0.7352941176470589, 0.7352941176470589], "count_true_negative": [0.9375, 0.9470198675496688, 0.9483870967741935, 0.9430379746835443, 0.9430379746835443, 0.9430379746835443, 0.9430379746835443, 0.9430379746835443, 0.9430379746835443, 0.9430379746835443], "count_false_negative": [0.6040268456375839, 0.959731543624161, 0.9865771812080537, 1.0, 1.0, 1.0, 1.0, 1.0, 1.0, 1.0], "sum_true_pos": [28, 26, 26, 25, 25, 25, 25, 25, 25, 25], "sum_false_pos": [59, 6, 2, 0, 0, 0, 0, 0, 0, 0], "sum_true_neg": [90, 143, 147, 149, 149, 149, 149, 149, 149, 149], "sum_false_neg": [6, 8, 8, 9, 9, 9, 9, 9, 9, 9]}