{"Dwelltime": ["0.0", "0.2", "0.4", "0.6", "0.8", "1.0", "1.2", "1.4", "1.6", "1.8", "2.0"], "count_true_positive": [75.83333333333333, 79.16666666666666, 85.71428571428571, 96.0, 96.0, 96.0, 96.0, 96.0, 96.0, 96.0, 96.0], "count_false_positive": [24.166666666666664, 20.833333333333336, 14.285714285714285, 4.0, 4.0, 4.0, 4.0, 4.0, 4.0, 4.0, 4.0], "count_true_negative": [91.14854889270907, 90.56603773584906, 93.54838709677419, 93.67088607594937, 93.67088607594937, 93.67088607594937, 93.67088607594937, 93.67088607594937, 93.67088607594937, 93.67088607594937, 93.67088607594937], "count_false_negative": [8.851451107290929, 9.433962264150944, 6.451612903225806, 6.329113924050633, 6.329113924050633, 6.329113924050633, 6.329113924050633, 6.329113924050633, 6.329113924050633, 6.329113924050633, 6.329113924050633]}