{"Dwelltime": ["0.0", "0.2", "0.4", "0.6", "0.8", "1.0", "1.2", "1.4", "1.6", "1.8", "2.0"], "count_true_positive": [18.579234972677597, 32.18390804597701, 81.25, 92.85714285714286, 100.0, 100.0, 100.0, 100.0, 100.0, 100.0, 100.0], "count_false_positive": [81.4207650273224, 67.81609195402298, 18.75, 7.142857142857142, 0, 0, 0, 0, 0, 0, 0], "count_true_negative": [0, 93.75, 94.70198675496688, 94.83870967741936, 94.30379746835443, 94.30379746835443, 94.30379746835443, 94.30379746835443, 94.30379746835443, 94.30379746835443, 94.30379746835443], "count_false_negative": [0, 6.25, 5.298013245033113, 5.161290322580645, 5.69620253164557, 5.69620253164557, 5.69620253164557, 5.69620253164557, 5.69620253164557, 5.69620253164557, 5.69620253164557]}