{"Dwelltime": ["0.0", "0.2", "0.4", "0.6", "0.8", "1.0", "1.2", "1.4", "1.6", "1.8", "2.0"], "count_true_positive": [0.6136363636363636, 0.6764705882352942, 0.78125, 0.75, 0.75, 0.8571428571428571, 0.8421052631578947, 0.8823529411764706, 0.8666666666666667, 0.8666666666666667, 0.8666666666666667], "count_false_positive": [0.421875, 0.359375, 0.390625, 0.375, 0.28125, 0.28125, 0.25, 0.234375, 0.203125, 0.203125, 0.203125], "count_true_negative": [0.8246445497630331, 0.8144796380090498, 0.8251121076233184, 0.820627802690583, 0.8008658008658008, 0.8034188034188035, 0.7966101694915254, 0.7941176470588235, 0.7875, 0.7875, 0.7875], "count_false_negative": [0.9109947643979057, 0.9424083769633508, 0.9633507853403142, 0.9581151832460733, 0.9685863874345549, 0.9842931937172775, 0.9842931937172775, 0.9895287958115183, 0.9895287958115183, 0.9895287958115183, 0.9895287958115183], "sum_true_pos": [27, 23, 25, 24, 18, 18, 16, 15, 13, 13, 13], "sum_false_pos": [17, 11, 7, 8, 6, 3, 3, 2, 2, 2, 2], "sum_true_neg": [174, 180, 184, 183, 185, 188, 188, 189, 189, 189, 189], "sum_false_neg": [37, 41, 39, 40, 46, 46, 48, 49, 51, 51, 51]}