{"Dwelltime": ["0.2", "0.4", "0.6", "0.8", "1.0", "1.2", "1.4", "1.6", "1.8", "2.0"], "count_true_positive": [0.3193717277486911, 0.5853658536585366, 0.7192982456140351, 0.8181818181818182, 0.8947368421052632, 0.9310344827586207, 0.9629629629629629, 1.0, 1.0, 1.0], "count_false_positive": [0.7625, 0.6, 0.5125, 0.45, 0.425, 0.3375, 0.325, 0.3125, 0.3125, 0.3125], "count_true_negative": [0.8173076923076923, 0.8497652582159625, 0.8361344537815126, 0.8247011952191236, 0.8210116731517509, 0.8007518796992481, 0.7985074626865671, 0.7962962962962963, 0.7962962962962963, 0.7962962962962963], "count_false_negative": [0.3953488372093023, 0.8418604651162791, 0.9255813953488372, 0.9627906976744186, 0.9813953488372092, 0.9906976744186047, 0.9953488372093023, 1.0, 1.0, 1.0], "sum_true_pos": [61, 48, 41, 36, 34, 27, 26, 25, 25, 25], "sum_false_pos": [130, 34, 16, 8, 4, 2, 1, 0, 0, 0], "sum_true_neg": [85, 181, 199, 207, 211, 213, 214, 215, 215, 215], "sum_false_neg": [19, 32, 39, 44, 46, 53, 54, 55, 55, 55]}