{"Dwelltime": ["0.2", "0.4", "0.6", "0.8", "1.0", "1.2", "1.4", "1.6", "1.8", "2.0"], "count_true_positive": [0.2994350282485876, 0.45544554455445546, 0.581081081081081, 0.6428571428571429, 0.7446808510638298, 0.8611111111111112, 0.90625, 0.9310344827586207, 0.9285714285714286, 0.9629629629629629], "count_false_positive": [0.828125, 0.71875, 0.671875, 0.5625, 0.546875, 0.484375, 0.453125, 0.421875, 0.40625, 0.40625], "count_true_negative": [0.8589743589743589, 0.8831168831168831, 0.8839779005524862, 0.8592964824120602, 0.8605769230769231, 0.8493150684931506, 0.8430493273542601, 0.8362831858407079, 0.8325991189427313, 0.8333333333333334], "count_false_negative": [0.3507853403141361, 0.7120418848167539, 0.837696335078534, 0.8952879581151832, 0.93717277486911, 0.9738219895287958, 0.9842931937172775, 0.9895287958115183, 0.9895287958115183, 0.9947643979057592], "sum_true_pos": [53, 46, 43, 36, 35, 31, 29, 27, 26, 26], "sum_false_pos": [124, 55, 31, 20, 12, 5, 3, 2, 2, 1], "sum_true_neg": [67, 136, 160, 171, 179, 186, 188, 189, 189, 190], "sum_false_neg": [11, 18, 21, 28, 29, 33, 35, 37, 38, 38]}