{"Dwelltime": ["0.0", "0.2", "0.4", "0.6", "0.8", "1.0", "1.2", "1.4", "1.6", "1.8", "2.0"], "count_true_positive": [0.6666666666666666, 0.6818181818181818, 0.8108108108108109, 0.9032258064516129, 0.9629629629629629, 0.9615384615384616, 0.9473684210526315, 0.9444444444444444, 1.0, 1.0, 1.0], "count_false_positive": [0.475, 0.375, 0.375, 0.35, 0.325, 0.3125, 0.225, 0.2125, 0.2125, 0.2125, 0.2125], "count_true_negative": [0.8235294117647058, 0.8007968127490039, 0.8062015503875969, 0.803030303030303, 0.7985074626865671, 0.7955390334572491, 0.7753623188405797, 0.7725631768953068, 0.7733812949640287, 0.7733812949640287, 0.7733812949640287], "count_false_negative": [0.9116279069767442, 0.9348837209302325, 0.9674418604651163, 0.986046511627907, 0.9953488372093023, 0.9953488372093023, 0.9953488372093023, 0.9953488372093023, 1.0, 1.0, 1.0], "sum_true_pos": [38, 30, 30, 28, 26, 25, 18, 17, 17, 17, 17], "sum_false_pos": [19, 14, 7, 3, 1, 1, 1, 1, 0, 0, 0], "sum_true_neg": [196, 201, 208, 212, 214, 214, 214, 214, 215, 215, 215], "sum_false_neg": [42, 50, 50, 52, 54, 55, 62, 63, 63, 63, 63]}